table with row headers in column A and column headers in rows 3 through 4 (leading dots indicate sub-parts),,,,,,,,,,,,
"Intercensal Estimates of the Resident Population for Minor Civil Divisions in Maine: April 1, 2010 to April 1, 2020",,,,,,,,,,,,
Geographic Area,"April 1, 2010
Estimates Base",Population Estimate (as of July 1),,,,,,,,,,"April 1, 2020
Census"
,,2010,2011,2012,2013,2014,2015,2016,2017,2018,2019,
"Auburn city, Androscoggin County, Maine","23,055","23,068","23,059","23,108","23,143","23,221","23,294","23,522","23,601","23,878","23,932","24,055"
"Durham town, Androscoggin County, Maine","3,850","3,858","3,882","3,911","3,932","3,961","3,983","4,021","4,054","4,084","4,134","4,173"
"Greene town, Androscoggin County, Maine","4,350","4,350","4,346","4,347","4,340","4,357","4,352","4,369","4,369","4,360","4,370","4,377"
"Leeds town, Androscoggin County, Maine","2,326","2,325","2,318","2,307","2,296","2,287","2,271","2,265","2,265","2,259","2,260","2,261"
"Lewiston city, Androscoggin County, Maine","36,594","36,604","36,592","36,640","36,526","36,614","36,570","36,586","36,624","36,854","37,073","37,121"
"Lisbon town, Androscoggin County, Maine","9,021","9,033","9,044","9,095","9,127","9,185","9,215","9,274","9,349","9,502","9,615","9,709"
"Livermore town, Androscoggin County, Maine","2,095","2,096","2,091","2,086","2,084","2,095","2,097","2,102","2,110","2,113","2,118","2,127"
"Livermore Falls town, Androscoggin County, Maine","3,187","3,185","3,156","3,141","3,119","3,106","3,082","3,091","3,080","3,065","3,062","3,060"
"Mechanic Falls town, Androscoggin County, Maine","3,031","3,032","3,034","3,040","3,043","3,053","3,053","3,058","3,067","3,071","3,092","3,105"
"Minot town, Androscoggin County, Maine","2,604","2,609","2,623","2,637","2,639","2,652","2,662","2,687","2,718","2,734","2,748","2,769"
"Poland town, Androscoggin County, Maine","5,380","5,392","5,421","5,466","5,544","5,616","5,642","5,688","5,759","5,805","5,879","5,904"
"Sabattus town, Androscoggin County, Maine","4,882","4,885","4,906","5,005","4,989","5,002","4,985","4,989","4,999","5,003","5,033","5,045"
"Turner town, Androscoggin County, Maine","5,735","5,737","5,708","5,707","5,709","5,731","5,712","5,720","5,748","5,758","5,794","5,817"
"Wales town, Androscoggin County, Maine","1,603","1,601","1,594","1,597","1,599","1,607","1,600","1,599","1,599","1,589","1,592","1,606"
"Allagash town, Aroostook County, Maine",239,239,239,239,237,237,237,236,236,236,236,237
"Amity town, Aroostook County, Maine",238,238,241,243,244,244,245,246,248,250,253,255
"Ashland town, Aroostook County, Maine","1,302","1,298","1,286","1,277","1,261","1,247","1,229","1,224","1,213","1,205","1,201","1,200"
"Bancroft UT, Aroostook County, Maine",72,72,70,69,67,65,63,61,59,59,57,56
"Blaine town, Aroostook County, Maine",726,726,723,717,707,700,691,683,676,669,666,665
"Bridgewater town, Aroostook County, Maine",610,607,600,592,583,574,564,555,547,539,533,530
"Caribou city, Aroostook County, Maine","8,189","8,161","8,097","7,997","7,904","7,827","7,722","7,606","7,516","7,434","7,382","7,391"
"Castle Hill town, Aroostook County, Maine",425,423,418,412,403,396,391,385,380,376,372,369
"Caswell town, Aroostook County, Maine",304,303,302,301,299,297,298,297,296,295,294,294
"Central Aroostook UT, Aroostook County, Maine",185,184,183,180,177,175,171,169,166,165,163,162
"Chapman town, Aroostook County, Maine",468,470,469,473,473,473,475,472,475,477,483,490
"Connor UT, Aroostook County, Maine",459,458,455,449,444,442,436,431,427,425,422,420
"Crystal town, Aroostook County, Maine",270,269,267,265,262,260,257,255,254,251,250,249
"Cyr plantation, Aroostook County, Maine",103,103,100,98,95,93,91,88,86,83,81,80
"Dyer Brook town, Aroostook County, Maine",206,205,208,210,210,210,207,207,209,211,214,214
"Eagle Lake town, Aroostook County, Maine",867,863,858,847,833,825,813,797,799,788,781,775
"Easton town, Aroostook County, Maine","1,287","1,286","1,293","1,295","1,294","1,296","1,296","1,299","1,301","1,306","1,317","1,322"
"Fort Fairfield town, Aroostook County, Maine","3,496","3,490","3,472","3,442","3,456","3,429","3,396","3,370","3,344","3,329","3,327","3,325"
"Fort Kent town, Aroostook County, Maine","4,097","4,098","4,124","4,116","4,117","4,123","4,108","4,083","4,046","4,085","4,054","4,071"
"Frenchville town, Aroostook County, Maine","1,087","1,083","1,081","1,073","1,064","1,057","1,045","1,036","1,028","1,058","1,054","1,051"
"Garfield plantation, Aroostook County, Maine",81,81,81,80,81,81,80,80,79,80,80,80
"Glenwood plantation, Aroostook County, Maine",3,3,3,3,3,4,4,4,4,4,4,4
"Grand Isle town, Aroostook County, Maine",467,465,455,444,432,423,410,400,389,381,372,366
"Hamlin town, Aroostook County, Maine",219,217,212,206,200,194,187,181,178,171,166,162
"Hammond town, Aroostook County, Maine",118,118,115,112,108,106,103,102,99,96,94,92
"Haynesville town, Aroostook County, Maine",121,121,119,117,113,111,109,108,106,103,102,102
"Hersey town, Aroostook County, Maine",83,83,81,80,79,78,74,74,72,71,70,71
"Hodgdon town, Aroostook County, Maine","1,309","1,308","1,302","1,303","1,302","1,307","1,306","1,303","1,298","1,295","1,291","1,292"
"Houlton town, Aroostook County, Maine","6,123","6,127","6,150","6,124","6,101","6,099","6,060","6,044","6,004","5,996","6,056","6,055"
"Island Falls town, Aroostook County, Maine",843,840,834,825,816,805,796,785,774,767,763,759
"Limestone town, Aroostook County, Maine","2,314","2,291","2,213","2,130","2,025","1,944","1,860","1,814","1,733","1,651","1,576","1,522"
"Linneus town, Aroostook County, Maine",984,983,981,975,966,961,952,946,943,943,946,948
"Littleton town, Aroostook County, Maine","1,068","1,065","1,062","1,052","1,042","1,034","1,025","1,016","1,010","1,005","1,004","1,003"
"Ludlow town, Aroostook County, Maine",404,405,408,412,414,417,419,422,424,427,433,436
"Macwahoc plantation, Aroostook County, Maine",81,81,79,77,75,73,71,69,67,66,64,63
"Madawaska town, Aroostook County, Maine","4,035","4,026","4,022","4,003","3,981","3,962","3,930","3,912","3,840","3,866","3,869","3,867"
"Mapleton town, Aroostook County, Maine","1,948","1,945","1,946","1,934","1,924","1,914","1,903","1,894","1,887","1,881","1,887","1,888"
"Mars Hill town, Aroostook County, Maine","1,493","1,487","1,475","1,450","1,428","1,413","1,390","1,428","1,403","1,388","1,371","1,357"
"Masardis town, Aroostook County, Maine",249,247,244,239,235,229,223,218,214,210,207,205
"Merrill town, Aroostook County, Maine",273,271,266,260,253,245,238,230,223,217,211,207
"Monticello town, Aroostook County, Maine",790,787,786,783,771,763,754,744,742,739,738,734
"Moro plantation, Aroostook County, Maine",38,38,39,39,40,41,41,42,42,42,43,44
"Nashville plantation, Aroostook County, Maine",46,46,44,42,40,38,36,34,32,30,28,27
"New Canada town, Aroostook County, Maine",321,320,321,319,315,316,315,312,311,310,308,310
"New Limerick town, Aroostook County, Maine",510,510,520,525,529,533,537,542,547,555,565,572
"New Sweden town, Aroostook County, Maine",600,598,600,597,596,593,592,586,588,583,581,580
"Northwest Aroostook UT, Aroostook County, Maine",10,10,10,10,10,10,10,9,9,9,9,9
"Oakfield town, Aroostook County, Maine",737,735,729,721,711,703,695,686,678,672,668,664
"Orient town, Aroostook County, Maine",147,147,148,148,148,149,151,153,153,155,156,156
"Penobscot Indian Island Reservation, Aroostook County, Maine",0,0,0,0,0,0,0,0,0,0,0,0
"Perham town, Aroostook County, Maine",386,385,383,378,376,376,375,374,372,370,371,371
"Portage Lake town, Aroostook County, Maine",391,390,388,385,379,376,371,368,363,359,362,360
"Presque Isle city, Aroostook County, Maine","9,692","9,659","9,592","9,484","9,344","9,239","9,160","9,070","8,965","8,879","8,841","8,791"
"Reed plantation, Aroostook County, Maine",157,156,153,150,146,143,140,136,133,130,127,125
"St. Agatha town, Aroostook County, Maine",747,746,748,746,744,738,734,727,726,725,728,728
"St. Francis town, Aroostook County, Maine",485,483,480,475,468,463,457,452,447,443,439,437
"St. John plantation, Aroostook County, Maine",267,266,266,268,267,265,264,265,263,263,265,265
"Sherman town, Aroostook County, Maine",846,844,843,839,832,829,823,820,816,812,814,813
"Smyrna town, Aroostook County, Maine",442,442,445,446,447,445,443,442,440,438,438,440
"South Aroostook UT, Aroostook County, Maine",604,603,602,599,594,593,588,585,581,580,579,579
"Square Lake UT, Aroostook County, Maine",591,593,606,616,625,636,645,656,666,677,691,701
"Stockholm town, Aroostook County, Maine",253,252,254,253,252,252,251,251,250,250,251,252
"Van Buren town, Aroostook County, Maine","2,171","2,167","2,163","2,149","2,127","2,110","2,098","2,070","2,049","2,050","2,046","2,042"
"Wade town, Aroostook County, Maine",283,281,276,271,267,260,254,248,242,237,231,230
"Wallagrass town, Aroostook County, Maine",547,545,542,538,532,533,525,526,523,522,520,515
"Washburn town, Aroostook County, Maine","1,687","1,684","1,672","1,656","1,635","1,617","1,596","1,578","1,559","1,543","1,535","1,527"
"Westfield town, Aroostook County, Maine",549,546,539,530,521,511,501,491,480,473,464,459
"Westmanland town, Aroostook County, Maine",64,64,65,67,69,70,71,72,74,75,78,78
"Weston town, Aroostook County, Maine",229,229,231,233,233,235,235,236,238,239,241,244
"Winterville plantation, Aroostook County, Maine",224,223,221,218,214,212,209,206,203,200,199,197
"Woodland town, Aroostook County, Maine","1,213","1,213","1,213","1,214","1,210","1,210","1,203","1,203","1,204","1,208","1,210","1,212"
"Baldwin town, Cumberland County, Maine","1,524","1,521","1,528","1,525","1,528","1,530","1,523","1,519","1,515","1,512","1,520","1,519"
"Bridgton town, Cumberland County, Maine","5,214","5,212","5,242","5,264","5,296","5,327","5,331","5,337","5,323","5,320","5,396","5,416"
"Brunswick town, Cumberland County, Maine","20,281","20,284","20,442","20,586","20,729","20,922","21,204","21,230","21,307","21,507","21,659","21,761"
"Cape Elizabeth town, Cumberland County, Maine","8,996","8,994","9,054","9,101","9,188","9,310","9,357","9,414","9,441","9,502","9,522","9,539"
"Casco town, Cumberland County, Maine","3,746","3,737","3,724","3,716","3,721","3,731","3,727","3,733","3,707","3,688","3,665","3,643"
"Chebeague Island town, Cumberland County, Maine",341,341,346,353,360,366,374,381,383,385,390,394
"Cumberland town, Cumberland County, Maine","7,217","7,220","7,279","7,350","7,449","7,641","7,788","7,934","8,284","8,353","8,413","8,476"
"Falmouth town, Cumberland County, Maine","11,177","11,188","11,284","11,381","11,492","11,739","11,933","12,123","12,189","12,272","12,381","12,450"
"Freeport town, Cumberland County, Maine","7,878","7,879","7,945","8,055","8,152","8,280","8,359","8,470","8,523","8,611","8,694","8,732"
"Frye Island town, Cumberland County, Maine",13,13,15,17,19,21,23,25,27,29,31,32
"Gorham town, Cumberland County, Maine","16,366","16,373","16,547","16,721","16,929","17,133","17,336","17,654","17,789","18,156","18,242","18,341"
"Gray town, Cumberland County, Maine","7,753","7,751","7,796","7,828","7,880","7,941","7,993","8,048","8,121","8,173","8,225","8,266"
"Harpswell town, Cumberland County, Maine","4,740","4,740","4,773","4,798","4,833","4,887","4,917","4,941","4,957","4,990","5,018","5,024"
"Harrison town, Cumberland County, Maine","2,733","2,721","2,701","2,673","2,657","2,638","2,602","2,568","2,527","2,495","2,473","2,451"
"Long Island town, Cumberland County, Maine",230,230,231,233,235,235,236,236,236,235,233,233
"Naples town, Cumberland County, Maine","3,872","3,873","3,884","3,888","3,903","3,924","3,927","3,929","3,916","3,909","3,917","3,918"
"New Gloucester town, Cumberland County, Maine","5,546","5,542","5,543","5,547","5,560","5,585","5,586","5,598","5,602","5,633","5,662","5,680"
"North Yarmouth town, Cumberland County, Maine","3,581","3,581","3,605","3,636","3,688","3,746","3,775","3,816","3,842","3,898","3,970","4,072"
"Portland city, Cumberland County, Maine","66,190","66,130","66,399","66,611","66,962","67,578","67,740","68,024","67,936","67,929","67,982","68,403"
"Pownal town, Cumberland County, Maine","1,462","1,462","1,463","1,466","1,475","1,498","1,505","1,513","1,529","1,541","1,555","1,564"
"Raymond town, Cumberland County, Maine","4,425","4,419","4,430","4,435","4,454","4,484","4,491","4,497","4,486","4,506","4,534","4,546"
"Scarborough town, Cumberland County, Maine","18,913","18,917","19,120","19,283","19,538","19,805","19,989","20,289","20,455","21,020","21,738","22,138"
"Sebago town, Cumberland County, Maine","1,720","1,721","1,740","1,754","1,776","1,798","1,818","1,844","1,863","1,881","1,904","1,915"
"South Portland city, Cumberland County, Maine","25,021","25,009","25,151","25,246","25,489","25,759","25,880","25,970","25,952","26,184","26,200","26,498"
"Standish town, Cumberland County, Maine","9,872","9,864","9,905","9,923","10,000","10,087","10,139","10,119","10,095","10,144","10,209","10,235"
"Westbrook city, Cumberland County, Maine","17,528","17,549","17,739","17,900","18,196","18,468","18,651","19,118","19,618","19,980","20,221","20,404"
"Windham town, Cumberland County, Maine","16,997","16,989","17,090","17,140","17,306","17,426","17,555","17,744","18,008","18,022","18,246","18,425"
"Yarmouth town, Cumberland County, Maine","8,351","8,353","8,441","8,508","8,593","8,673","8,735","8,771","8,772","8,873","8,968","8,994"
"Avon town, Franklin County, Maine",461,460,460,458,457,453,449,449,448,446,449,448
"Carrabassett Valley town, Franklin County, Maine",778,773,766,755,744,729,714,706,693,682,679,673
"Carthage town, Franklin County, Maine",560,558,553,548,542,533,524,520,513,508,506,504
"Chesterville town, Franklin County, Maine","1,355","1,354","1,360","1,355","1,352","1,343","1,332","1,330","1,326","1,320","1,330","1,330"
"Coplin plantation, Franklin County, Maine",166,165,162,158,155,150,147,143,139,136,134,131
"Dallas plantation, Franklin County, Maine",309,308,309,311,310,308,306,308,308,307,311,311
"East Central Franklin UT, Franklin County, Maine",808,807,810,810,810,804,800,803,802,802,809,811
"Eustis town, Franklin County, Maine",618,618,622,625,630,626,623,627,628,630,638,641
"Farmington town, Franklin County, Maine","7,760","7,746","7,731","7,690","7,588","7,529","7,530","7,511","7,448","7,551","7,608","7,592"
"Industry town, Franklin County, Maine",924,920,906,893,880,861,840,826,804,798,798,786
"Jay town, Franklin County, Maine","4,848","4,838","4,826","4,804","4,776","4,722","4,675","4,669","4,637","4,610","4,631","4,619"
"Kingfield town, Franklin County, Maine",997,995,995,989,984,973,966,966,960,958,963,963
"New Sharon town, Franklin County, Maine","1,407","1,409","1,422","1,426","1,425","1,424","1,422","1,423","1,425","1,424","1,444","1,456"
"New Vineyard town, Franklin County, Maine",761,758,765,765,762,754,750,747,740,731,730,725
"North Franklin UT, Franklin County, Maine",61,61,59,56,54,51,50,48,45,43,41,40
"Phillips town, Franklin County, Maine","1,028","1,024","1,015","1,004",991,972,953,937,923,904,905,898
"Rangeley town, Franklin County, Maine","1,171","1,172","1,184","1,190","1,197","1,194","1,192","1,200","1,201","1,204","1,220","1,224"
"Rangeley plantation, Franklin County, Maine",189,189,188,188,186,185,183,182,181,180,181,181
"Sandy River plantation, Franklin County, Maine",133,133,133,132,132,131,130,129,128,129,129,129
"South Franklin UT, Franklin County, Maine",69,69,68,66,65,64,62,61,60,58,59,58
"Strong town, Franklin County, Maine","1,213","1,209","1,203","1,194","1,183","1,166","1,151","1,147","1,134","1,124","1,126","1,121"
"Temple town, Franklin County, Maine",530,530,538,540,536,530,525,524,520,520,525,526
"Weld town, Franklin County, Maine",419,417,415,410,404,398,392,390,384,378,375,374
"West Central Franklin UT, Franklin County, Maine",0,0,0,0,0,0,0,0,0,0,0,0
"Wilton town, Franklin County, Maine","4,114","4,104","4,091","4,068","4,043","3,981","3,927","3,912","3,867","3,839","3,848","3,832"
"Wyman UT, Franklin County, Maine",88,88,88,86,86,85,84,84,83,82,83,82
"Amherst town, Hancock County, Maine",265,264,263,261,261,257,255,253,251,251,250,248
"Aurora town, Hancock County, Maine",114,113,111,108,106,104,100,98,96,94,91,90
"Bar Harbor town, Hancock County, Maine","5,234","5,215","5,188","5,143","5,155","5,114","5,061","5,142","5,135","5,132","5,108","5,091"
"Blue Hill town, Hancock County, Maine","2,686","2,684","2,698","2,700","2,719","2,721","2,723","2,762","2,759","2,777","2,789","2,794"
"Brooklin town, Hancock County, Maine",824,822,825,823,828,826,825,825,825,829,830,829
"Brooksville town, Hancock County, Maine",934,933,936,932,936,936,934,934,933,937,936,935
"Bucksport town, Hancock County, Maine","4,910","4,907","4,923","4,919","4,942","4,936","4,924","4,926","4,922","4,944","4,948","4,946"
"Castine town, Hancock County, Maine","1,366","1,373","1,407","1,436","1,298","1,327","1,190","1,219","1,253","1,284","1,295","1,318"
"Central Hancock UT, Hancock County, Maine",117,117,119,120,122,123,124,126,127,129,130,131
"Cranberry Isles town, Hancock County, Maine",141,142,144,145,148,150,151,153,155,157,160,161
"Dedham town, Hancock County, Maine","1,680","1,677","1,682","1,680","1,683","1,678","1,671","1,668","1,663","1,664","1,656","1,650"
"Deer Isle town, Hancock County, Maine","1,975","1,980","2,021","2,037","2,065","2,082","2,098","2,116","2,114","2,141","2,175","2,195"
"Eastbrook town, Hancock County, Maine",423,422,425,424,427,426,426,426,425,426,426,425
"East Hancock UT, Hancock County, Maine",92,92,91,89,89,87,86,85,84,83,82,80
"Ellsworth city, Hancock County, Maine","7,741","7,739","7,788","7,851","7,932","7,920","7,957","8,016","8,092","8,155","8,334","8,396"
"Franklin town, Hancock County, Maine","1,483","1,481","1,492","1,492","1,502","1,510","1,522","1,534","1,539","1,549","1,559","1,565"
"Frenchboro town, Hancock County, Maine",61,60,57,55,52,48,45,42,39,36,33,30
"Gouldsboro town, Hancock County, Maine","1,738","1,736","1,731","1,725","1,730","1,725","1,721","1,725","1,714","1,710","1,706","1,704"
"Great Pond town, Hancock County, Maine",58,58,59,59,60,59,60,60,60,61,62,62
"Hancock town, Hancock County, Maine","2,393","2,389","2,398","2,396","2,415","2,417","2,410","2,436","2,438","2,446","2,462","2,469"
"Lamoine town, Hancock County, Maine","1,601","1,603","1,619","1,624","1,637","1,644","1,652","1,660","1,667","1,693","1,714","1,721"
"Mariaville town, Hancock County, Maine",513,512,508,502,499,494,489,484,480,478,475,472
"Marshall Island UT, Hancock County, Maine",0,0,0,0,0,0,0,0,0,0,0,0
"Mount Desert town, Hancock County, Maine","2,056","2,054","2,065","2,067","2,078","2,086","2,090","2,103","2,111","2,131","2,146","2,150"
"Northwest Hancock UT, Hancock County, Maine",2,2,2,2,2,2,3,3,3,3,3,3
"Orland town, Hancock County, Maine","2,225","2,222","2,226","2,221","2,232","2,228","2,223","2,221","2,220","2,227","2,226","2,224"
"Osborn town, Hancock County, Maine",67,67,67,66,67,66,67,67,67,67,67,67
"Otis town, Hancock County, Maine",670,669,670,668,671,670,668,669,668,669,669,669
"Penobscot town, Hancock County, Maine","1,263","1,260","1,253","1,241","1,197","1,184","1,167","1,157","1,145","1,139","1,144","1,135"
"Sedgwick town, Hancock County, Maine","1,196","1,195","1,197","1,194","1,198","1,198","1,195","1,195","1,195","1,200","1,201","1,201"
"Sorrento town, Hancock County, Maine",274,273,274,274,276,275,276,276,276,277,278,278
"Southwest Harbor town, Hancock County, Maine","1,769","1,767","1,764","1,757","1,762","1,756","1,752","1,753","1,751","1,757","1,755","1,751"
"Stonington town, Hancock County, Maine","1,043","1,042","1,047","1,045","1,051","1,049","1,044","1,045","1,047","1,054","1,055","1,055"
"Sullivan town, Hancock County, Maine","1,237","1,236","1,236","1,227","1,229","1,225","1,226","1,226","1,221","1,227","1,226","1,219"
"Surry town, Hancock County, Maine","1,471","1,474","1,491","1,497","1,519","1,530","1,534","1,558","1,579","1,609","1,622","1,632"
"Swans Island town, Hancock County, Maine",330,330,334,335,339,342,343,346,348,351,355,356
"Tremont town, Hancock County, Maine","1,563","1,561","1,568","1,568","1,573","1,567","1,563","1,559","1,549","1,547","1,549","1,545"
"Trenton town, Hancock County, Maine","1,483","1,484","1,501","1,507","1,524","1,530","1,534","1,546","1,552","1,568","1,577","1,583"
"Verona Island town, Hancock County, Maine",545,543,539,534,530,526,520,516,512,513,509,505
"Waltham town, Hancock County, Maine",353,352,351,347,346,345,342,339,336,336,335,333
"Winter Harbor town, Hancock County, Maine",511,509,505,498,496,490,483,478,473,471,466,462
"Albion town, Kennebec County, Maine","2,041","2,039","2,032","2,026","2,012","2,006","1,998","1,998","1,999","1,993","1,991","2,006"
"Augusta city, Kennebec County, Maine","19,129","19,099","19,010","18,948","18,818","18,795","18,592","18,674","18,744","18,769","18,842","18,898"
"Belgrade town, Kennebec County, Maine","3,189","3,191","3,191","3,189","3,184","3,192","3,188","3,207","3,223","3,221","3,233","3,246"
"Benton town, Kennebec County, Maine","2,726","2,724","2,706","2,702","2,692","2,678","2,671","2,690","2,696","2,702","2,700","2,716"
"Chelsea town, Kennebec County, Maine","2,721","2,720","2,714","2,735","2,719","2,730","2,714","2,705","2,712","2,763","2,763","2,778"
"China town, Kennebec County, Maine","4,314","4,312","4,308","4,294","4,300","4,291","4,279","4,296","4,314","4,334","4,364","4,406"
"Clinton town, Kennebec County, Maine","3,486","3,480","3,455","3,434","3,406","3,391","3,371","3,375","3,377","3,366","3,363","3,371"
"Farmingdale town, Kennebec County, Maine","2,968","2,968","2,974","2,964","2,956","2,960","2,953","2,966","2,981","2,982","2,985","2,997"
"Fayette town, Kennebec County, Maine","1,140","1,141","1,137","1,134","1,127","1,131","1,130","1,140","1,147","1,154","1,157","1,163"
"Gardiner city, Kennebec County, Maine","5,790","5,789","5,791","5,794","5,778","5,796","5,799","5,838","5,869","5,888","5,894","5,958"
"Hallowell city, Kennebec County, Maine","2,375","2,377","2,389","2,397","2,405","2,422","2,433","2,463","2,495","2,531","2,543","2,566"
"Litchfield town, Kennebec County, Maine","3,623","3,619","3,608","3,592","3,568","3,559","3,542","3,555","3,562","3,562","3,566","3,584"
"Manchester town, Kennebec County, Maine","2,563","2,561","2,551","2,537","2,511","2,496","2,479","2,474","2,476","2,466","2,460","2,454"
"Monmouth town, Kennebec County, Maine","4,096","4,106","4,084","4,074","4,045","4,034","4,020","4,020","4,039","4,048","4,048","4,068"
"Mount Vernon town, Kennebec County, Maine","1,640","1,643","1,643","1,644","1,640","1,648","1,661","1,672","1,687","1,699","1,709","1,724"
"Oakland town, Kennebec County, Maine","6,243","6,237","6,239","6,231","6,211","6,211","6,184","6,191","6,220","6,209","6,211","6,232"
"Pittston town, Kennebec County, Maine","2,672","2,676","2,690","2,682","2,667","2,676","2,683","2,704","2,726","2,724","2,807","2,876"
"Randolph town, Kennebec County, Maine","1,772","1,770","1,765","1,758","1,748","1,743","1,734","1,740","1,745","1,741","1,741","1,744"
"Readfield town, Kennebec County, Maine","2,594","2,591","2,577","2,567","2,557","2,553","2,551","2,557","2,569","2,574","2,586","2,598"
"Rome town, Kennebec County, Maine","1,006","1,008","1,019","1,031","1,040","1,049","1,065","1,081","1,098","1,109","1,129","1,144"
"Sidney town, Kennebec County, Maine","4,234","4,234","4,250","4,285","4,293","4,334","4,350","4,397","4,452","4,502","4,578","4,646"
"Unity UT, Kennebec County, Maine",43,43,42,41,40,39,39,38,38,37,35,35
"Vassalboro town, Kennebec County, Maine","4,356","4,360","4,385","4,401","4,374","4,373","4,364","4,392","4,438","4,464","4,482","4,519"
"Vienna town, Kennebec County, Maine",570,572,576,578,580,578,576,576,578,577,577,582
"Waterville city, Kennebec County, Maine","15,724","15,708","15,655","15,651","15,726","15,888","16,056","16,157","16,143","16,054","15,855","15,827"
"Wayne town, Kennebec County, Maine","1,189","1,187","1,175","1,166","1,156","1,150","1,142","1,140","1,136","1,128","1,126","1,128"
"West Gardiner town, Kennebec County, Maine","3,481","3,483","3,492","3,504","3,505","3,523","3,535","3,567","3,596","3,617","3,640","3,670"
"Windsor town, Kennebec County, Maine","2,572","2,572","2,578","2,577","2,579","2,580","2,578","2,584","2,590","2,608","2,621","2,636"
"Winslow town, Kennebec County, Maine","7,801","7,794","7,784","7,777","7,750","7,758","7,763","7,793","7,828","7,848","7,892","7,946"
"Winthrop town, Kennebec County, Maine","6,093","6,090","6,081","6,076","6,039","6,032","6,032","6,047","6,070","6,074","6,081","6,122"
"Appleton town, Knox County, Maine","1,316","1,318","1,322","1,324","1,336","1,351","1,364","1,359","1,375","1,388","1,399","1,409"
"Camden town, Knox County, Maine","4,847","4,856","4,898","4,933","4,963","5,026","5,053","5,114","5,139","5,138","5,184","5,226"
"Criehaven UT, Knox County, Maine",1,1,1,1,1,1,1,2,2,2,2,2
"Cushing town, Knox County, Maine","1,534","1,532","1,528","1,520","1,516","1,520","1,516","1,509","1,507","1,499","1,498","1,501"
"Friendship town, Knox County, Maine","1,152","1,151","1,148","1,145","1,146","1,150","1,145","1,140","1,142","1,139","1,140","1,144"
"Hope town, Knox County, Maine","1,538","1,538","1,540","1,602","1,653","1,665","1,668","1,668","1,674","1,677","1,691","1,694"
"Isle au Haut town, Knox County, Maine",67,68,70,71,73,75,78,79,82,83,85,87
"Matinicus Isle plantation, Knox County, Maine",74,73,71,68,66,64,62,60,57,55,53,51
"Muscle Ridge Islands UT, Knox County, Maine",6,6,6,6,6,7,6,7,7,7,7,7
"North Haven town, Knox County, Maine",355,356,360,365,370,377,384,391,398,405,411,417
"Owls Head town, Knox County, Maine","1,578","1,576","1,565","1,552","1,543","1,550","1,549","1,533","1,527","1,516","1,511","1,503"
"Rockland city, Knox County, Maine","7,301","7,288","7,237","7,169","7,166","7,170","7,081","7,040","6,982","6,965","6,935","6,933"
"Rockport town, Knox County, Maine","3,329","3,336","3,355","3,370","3,418","3,487","3,514","3,534","3,562","3,572","3,611","3,645"
"St. George town, Knox County, Maine","2,587","2,587","2,595","2,590","2,591","2,603","2,600","2,597","2,603","2,590","2,592","2,596"
"South Thomaston town, Knox County, Maine","1,564","1,563","1,559","1,548","1,550","1,553","1,543","1,533","1,525","1,509","1,504","1,511"
"Thomaston town, Knox County, Maine","2,781","2,780","2,773","2,767","2,761","2,774","2,765","2,757","2,749","2,731","2,735","2,741"
"Union town, Knox County, Maine","2,259","2,262","2,268","2,269","2,274","2,289","2,292","2,324","2,341","2,342","2,356","2,377"
"Vinalhaven town, Knox County, Maine","1,165","1,170","1,180","1,188","1,200","1,216","1,232","1,244","1,257","1,263","1,278","1,288"
"Warren town, Knox County, Maine","4,751","4,753","4,740","4,729","4,727","4,737","4,724","4,721","4,751","4,846","4,826","4,870"
"Washington town, Knox County, Maine","1,527","1,529","1,540","1,544","1,547","1,562","1,566","1,569","1,572","1,576","1,583","1,593"
"Alna town, Lincoln County, Maine",709,709,704,704,703,705,703,708,712,713,712,713
"Boothbay town, Lincoln County, Maine","3,124","3,113","3,088","3,071","3,049","3,021","2,978","2,985","2,986","2,988","3,002","3,005"
"Boothbay Harbor town, Lincoln County, Maine","2,163","2,153","2,125","2,097","2,075","2,080","2,048","2,041","2,039","2,035","2,031","2,022"
"Bremen town, Lincoln County, Maine",803,802,800,799,796,793,787,793,800,804,813,819
"Bristol town, Lincoln County, Maine","2,755","2,752","2,747","2,741","2,746","2,746","2,732","2,752","2,782","2,804","2,828","2,840"
"Damariscotta town, Lincoln County, Maine","2,217","2,214","2,215","2,216","2,211","2,215","2,199","2,213","2,245","2,252","2,287","2,297"
"Dresden town, Lincoln County, Maine","1,672","1,669","1,668","1,676","1,675","1,676","1,666","1,679","1,693","1,704","1,720","1,725"
"Edgecomb town, Lincoln County, Maine","1,249","1,249","1,240","1,227","1,217","1,204","1,187","1,188","1,185","1,189","1,191","1,187"
"Hibberts gore, Lincoln County, Maine",1,1,1,1,1,1,1,2,2,2,2,2
"Jefferson town, Lincoln County, Maine","2,425","2,421","2,422","2,416","2,421","2,426","2,419","2,442","2,467","2,495","2,533","2,552"
"Louds Island UT, Lincoln County, Maine",0,0,0,1,1,1,1,1,1,2,2,2
"Monhegan plantation, Lincoln County, Maine",69,69,68,67,67,65,65,65,65,65,64,64
"Newcastle town, Lincoln County, Maine","1,751","1,750","1,755","1,752","1,755","1,765","1,755","1,776","1,794","1,808","1,831","1,848"
"Nobleboro town, Lincoln County, Maine","1,643","1,645","1,651","1,656","1,663","1,674","1,675","1,701","1,725","1,747","1,774","1,791"
"Somerville town, Lincoln County, Maine",548,549,556,559,566,572,571,579,585,591,597,601
"South Bristol town, Lincoln County, Maine",894,898,917,937,959,978,993,"1,021","1,048","1,073","1,108","1,127"
"Southport town, Lincoln County, Maine",605,605,604,604,602,603,598,604,609,613,618,623
"Waldoboro town, Lincoln County, Maine","5,075","5,066","5,056","5,044","5,042","5,035","4,996","5,033","5,070","5,103","5,139","5,151"
"Westport Island town, Lincoln County, Maine",712,711,711,707,705,704,696,699,704,706,713,715
"Whitefield town, Lincoln County, Maine","2,297","2,294","2,291","2,290","2,303","2,302","2,306","2,322","2,343","2,365","2,390","2,399"
"Wiscasset town, Lincoln County, Maine","3,732","3,725","3,707","3,689","3,678","3,674","3,645","3,664","3,694","3,701","3,739","3,750"
"Andover town, Oxford County, Maine",823,821,816,802,787,776,763,760,760,755,752,751
"Bethel town, Oxford County, Maine","2,600","2,593","2,581","2,550","2,531","2,527","2,512","2,509","2,514","2,516","2,505","2,501"
"Brownfield town, Oxford County, Maine","1,596","1,596","1,601","1,593","1,597","1,598","1,593","1,598","1,613","1,619","1,628","1,636"
"Buckfield town, Oxford County, Maine","2,009","2,008","1,997","1,981","1,973","1,969","1,955","1,955","1,968","1,957","1,961","1,978"
"Byron town, Oxford County, Maine",145,144,139,133,129,124,119,114,112,111,108,105
"Canton town, Oxford County, Maine",988,987,985,987,989,995,998,"1,114","1,112","1,121","1,120","1,124"
"Denmark town, Oxford County, Maine","1,148","1,148","1,155","1,155","1,157","1,160","1,162","1,165","1,177","1,183","1,191","1,198"
"Dixfield town, Oxford County, Maine","2,550","2,543","2,511","2,470","2,433","2,403","2,367","2,334","2,318","2,293","2,269","2,251"
"Fryeburg town, Oxford County, Maine","3,448","3,444","3,431","3,401","3,390","3,383","3,368","3,370","3,350","3,372","3,376","3,368"
"Gilead town, Oxford County, Maine",212,212,209,206,203,201,198,196,196,194,192,191
"Greenwood town, Oxford County, Maine",830,827,823,814,807,800,792,787,786,782,776,774
"Hanover town, Oxford County, Maine",238,240,246,248,254,261,266,273,280,283,284,286
"Hartford town, Oxford County, Maine","1,184","1,184","1,187","1,183","1,180","1,181","1,178","1,183","1,184","1,187","1,196","1,203"
"Hebron town, Oxford County, Maine","1,416","1,408","1,381","1,349","1,320","1,303","1,282","1,279","1,261","1,238","1,229","1,221"
"Hiram town, Oxford County, Maine","1,620","1,618","1,617","1,609","1,606","1,596","1,585","1,579","1,589","1,589","1,597","1,606"
"Lincoln plantation, Oxford County, Maine",45,45,45,45,44,44,43,43,43,43,43,43
"Lovell town, Oxford County, Maine","1,135","1,134","1,132","1,124","1,119","1,116","1,109","1,107","1,108","1,104","1,101","1,104"
"Magalloway plantation, Oxford County, Maine",46,46,46,46,46,46,46,46,46,47,47,47
"Mexico town, Oxford County, Maine","2,680","2,680","2,686","2,679","2,678","2,678","2,683","2,690","2,714","2,728","2,743","2,755"
"Milton UT, Oxford County, Maine",143,143,143,143,143,144,146,146,148,148,149,150
"Newry town, Oxford County, Maine",329,330,338,344,353,362,373,379,389,394,403,409
"North Oxford UT, Oxford County, Maine",24,24,24,23,23,22,21,21,20,20,19,19
"Norway town, Oxford County, Maine","5,018","5,015","5,027","5,005","5,014","5,006","4,994","5,008","5,033","5,070","5,058","5,084"
"Otisfield town, Oxford County, Maine","1,770","1,772","1,776","1,776","1,777","1,775","1,777","1,782","1,806","1,829","1,840","1,853"
"Oxford town, Oxford County, Maine","4,110","4,109","4,119","4,110","4,107","4,105","4,102","4,108","4,144","4,190","4,210","4,228"
"Paris town, Oxford County, Maine","5,181","5,176","5,173","5,154","5,185","5,171","5,125","5,135","5,101","5,157","5,162","5,177"
"Peru town, Oxford County, Maine","1,543","1,539","1,538","1,527","1,519","1,511","1,502","1,493","1,495","1,491","1,486","1,484"
"Porter town, Oxford County, Maine","1,498","1,497","1,508","1,514","1,519","1,525","1,535","1,539","1,562","1,580","1,591","1,604"
"Roxbury town, Oxford County, Maine",370,371,370,368,366,365,364,363,364,364,364,364
"Rumford town, Oxford County, Maine","5,839","5,832","5,827","5,798","5,803","5,791","5,800","5,795","5,787","5,845","5,851","5,863"
"South Oxford UT, Oxford County, Maine",580,580,581,579,578,579,579,579,584,586,589,592
"Stoneham town, Oxford County, Maine",239,238,240,240,241,243,244,247,250,254,256,259
"Stow town, Oxford County, Maine",385,384,387,385,382,384,383,385,387,387,391,393
"Sumner town, Oxford County, Maine",939,939,945,946,948,952,956,961,974,981,990,994
"Sweden town, Oxford County, Maine",398,398,397,399,400,398,398,397,399,401,404,406
"Upton town, Oxford County, Maine",113,112,107,103,98,93,87,83,80,76,72,69
"Waterford town, Oxford County, Maine","1,548","1,545","1,544","1,534","1,531","1,535","1,533","1,536","1,549","1,550","1,560","1,569"
"West Paris town, Oxford County, Maine","1,811","1,810","1,813","1,807","1,804","1,806","1,804","1,805","1,810","1,756","1,761","1,767"
"Woodstock town, Oxford County, Maine","1,278","1,278","1,287","1,287","1,287","1,290","1,293","1,299","1,315","1,324","1,339","1,353"
"Alton town, Penobscot County, Maine",890,890,884,875,867,863,851,840,839,833,831,829
"Argyle UT, Penobscot County, Maine",278,278,276,273,270,268,266,262,261,260,260,258
"Bangor city, Penobscot County, Maine","33,031","33,017","32,918","32,699","32,556","32,444","31,994","31,735","31,830","31,937","31,835","31,744"
"Bradford town, Penobscot County, Maine","1,284","1,281","1,275","1,262","1,250","1,240","1,223","1,205","1,201","1,188","1,187","1,182"
"Bradley town, Penobscot County, Maine","1,489","1,490","1,494","1,496","1,491","1,496","1,490","1,488","1,505","1,514","1,532","1,533"
"Brewer city, Penobscot County, Maine","9,491","9,494","9,540","9,543","9,553","9,586","9,553","9,523","9,636","9,647","9,660","9,680"
"Burlington town, Penobscot County, Maine",363,364,368,367,365,366,367,365,370,371,374,375
"Carmel town, Penobscot County, Maine","2,796","2,794","2,803","2,796","2,790","2,796","2,781","2,786","2,813","2,829","2,854","2,866"
"Carroll plantation, Penobscot County, Maine",153,153,151,149,147,146,143,141,139,139,138,136
"Charleston town, Penobscot County, Maine","1,415","1,410","1,391","1,371","1,486","1,468","1,445","1,563","1,589","1,615","1,561","1,552"
"Chester town, Penobscot County, Maine",546,546,546,545,544,546,544,541,545,545,548,549
"Clifton town, Penobscot County, Maine",921,922,923,910,899,891,876,867,866,856,850,844
"Corinna town, Penobscot County, Maine","2,203","2,202","2,204","2,209","2,215","2,220","2,213","2,199","2,206","2,211","2,217","2,218"
"Corinth town, Penobscot County, Maine","2,881","2,880","2,880","2,884","2,891","2,893","2,874","2,857","2,870","2,869","2,881","2,900"
"Dexter town, Penobscot County, Maine","3,886","3,883","3,881","3,865","3,847","3,843","3,816","3,782","3,797","3,793","3,807","3,803"
"Dixmont town, Penobscot County, Maine","1,181","1,181","1,190","1,191","1,192","1,197","1,192","1,188","1,197","1,200","1,208","1,211"
"Drew plantation, Penobscot County, Maine",39,39,38,37,34,33,32,30,29,28,27,26
"East Central Penobscot UT, Penobscot County, Maine",343,341,338,334,331,328,322,317,316,312,310,307
"East Millinocket town, Penobscot County, Maine","1,720","1,716","1,704","1,684","1,669","1,657","1,631","1,608","1,601","1,589","1,580","1,571"
"Eddington town, Penobscot County, Maine","2,221","2,221","2,222","2,218","2,216","2,212","2,201","2,191","2,192","2,185","2,193","2,189"
"Edinburg town, Penobscot County, Maine",130,130,130,130,131,130,130,130,130,131,131,133
"Enfield town, Penobscot County, Maine","1,609","1,604","1,589","1,568","1,549","1,533","1,510","1,482","1,473","1,456","1,447","1,435"
"Etna town, Penobscot County, Maine","1,260","1,259","1,258","1,253","1,247","1,245","1,237","1,226","1,232","1,228","1,230","1,229"
"Exeter town, Penobscot County, Maine","1,092","1,090","1,076","1,058","1,044","1,025",999,981,981,976,972,963
"Garland town, Penobscot County, Maine","1,110","1,107","1,101","1,089","1,078","1,072","1,059","1,044","1,041","1,032","1,028","1,022"
"Glenburn town, Penobscot County, Maine","4,603","4,605","4,619","4,612","4,645","4,655","4,617","4,585","4,609","4,607","4,625","4,647"
"Greenbush town, Penobscot County, Maine","1,491","1,491","1,491","1,481","1,476","1,473","1,460","1,446","1,449","1,445","1,448","1,446"
"Hampden town, Penobscot County, Maine","7,276","7,279","7,314","7,311","7,343","7,465","7,461","7,452","7,506","7,534","7,618","7,709"
"Hermon town, Penobscot County, Maine","5,397","5,424","5,528","5,649","5,788","5,886","5,948","6,057","6,172","6,259","6,379","6,461"
"Holden town, Penobscot County, Maine","3,086","3,089","3,119","3,128","3,141","3,170","3,169","3,170","3,199","3,217","3,257","3,278"
"Howland town, Penobscot County, Maine","1,243","1,239","1,229","1,210","1,194","1,182","1,161","1,137","1,157","1,131","1,105","1,095"
"Hudson town, Penobscot County, Maine","1,531","1,529","1,517","1,504","1,495","1,486","1,471","1,449","1,446","1,434","1,427","1,418"
"Kenduskeag town, Penobscot County, Maine","1,358","1,356","1,351","1,343","1,338","1,343","1,340","1,326","1,337","1,346","1,351","1,346"
"Kingman UT, Penobscot County, Maine",180,179,175,171,167,162,157,152,148,144,141,138
"Lagrange town, Penobscot County, Maine",708,706,699,689,681,677,665,653,651,645,639,636
"Lakeville town, Penobscot County, Maine",105,105,105,105,104,105,104,104,104,104,105,104
"Lee town, Penobscot County, Maine",922,922,922,921,922,923,919,914,915,915,919,919
"Levant town, Penobscot County, Maine","2,853","2,852","2,867","2,882","2,910","2,937","2,930","2,917","2,930","2,934","2,936","2,937"
"Lincoln town, Penobscot County, Maine","5,083","5,085","5,104","5,070","5,032","5,017","4,970","4,924","4,898","4,847","4,868","4,852"
"Lowell town, Penobscot County, Maine",358,359,361,360,363,362,363,362,364,364,367,367
"Mattawamkeag town, Penobscot County, Maine",683,681,673,662,651,645,634,621,615,606,600,595
"Maxfield town, Penobscot County, Maine",95,96,100,97,96,94,92,90,88,88,87,87
"Medway town, Penobscot County, Maine","1,352","1,349","1,329","1,307","1,285","1,276","1,259","1,234","1,220","1,202","1,197","1,185"
"Milford town, Penobscot County, Maine","3,068","3,067","3,080","3,073","3,071","3,083","3,061","3,041","3,051","3,054","3,070","3,070"
"Millinocket town, Penobscot County, Maine","4,506","4,496","4,463","4,415","4,371","4,340","4,280","4,215","4,195","4,158","4,139","4,113"
"Mount Chase town, Penobscot County, Maine",201,201,200,198,197,196,193,191,191,190,189,189
"Newburgh town, Penobscot County, Maine","1,549","1,551","1,554","1,555","1,555","1,557","1,550","1,547","1,553","1,552","1,584","1,595"
"Newport town, Penobscot County, Maine","3,281","3,275","3,259","3,225","3,204","3,194","3,160","3,153","3,187","3,167","3,154","3,131"
"North Penobscot UT, Penobscot County, Maine",461,459,455,449,443,439,431,422,419,414,410,407
"Old Town city, Penobscot County, Maine","7,846","7,835","7,812","7,757","7,711","7,688","7,602","7,517","7,509","7,470","7,461","7,437"
"Orono town, Penobscot County, Maine","10,359","10,363","10,394","10,680","10,848","10,940","10,955","11,233","11,109","11,240","11,164","11,179"
"Orrington town, Penobscot County, Maine","3,724","3,728","3,737","3,732","3,740","3,751","3,741","3,744","3,777","3,797","3,816","3,816"
"Passadumkeag town, Penobscot County, Maine",374,373,372,369,367,364,361,357,357,355,355,354
"Patten town, Penobscot County, Maine","1,017","1,015","1,001",983,970,965,947,928,926,893,889,881
"Penobscot Indian Island Reservation, Penobscot County, Maine",610,603,580,556,532,508,478,453,432,407,387,368
"Plymouth town, Penobscot County, Maine","1,359","1,358","1,353","1,347","1,339","1,332","1,324","1,310","1,312","1,318","1,323","1,325"
"Prentiss UT, Penobscot County, Maine",214,213,209,203,199,195,189,183,181,176,173,169
"Seboeis plantation, Penobscot County, Maine",35,35,36,36,36,37,37,37,38,38,39,39
"Springfield town, Penobscot County, Maine",409,407,398,388,375,366,353,339,330,319,308,298
"Stacyville town, Penobscot County, Maine",395,394,394,389,386,384,385,380,381,378,377,374
"Stetson town, Penobscot County, Maine","1,200","1,202","1,211","1,213","1,206","1,203","1,196","1,187","1,185","1,186","1,188","1,188"
"Twombly Ridge UT, Penobscot County, Maine",0,0,0,0,0,0,0,0,0,0,0,0
"Veazie town, Penobscot County, Maine","1,919","1,916","1,908","1,894","1,882","1,874","1,854","1,832","1,831","1,824","1,820","1,817"
"Webster plantation, Penobscot County, Maine",85,85,83,80,77,76,73,70,69,67,67,65
"Whitney UT, Penobscot County, Maine",5,5,5,6,6,7,7,8,8,8,9,9
"Winn town, Penobscot County, Maine",411,410,408,403,400,404,406,404,404,400,399,398
"Woodville town, Penobscot County, Maine",248,247,245,240,234,230,224,219,215,211,208,205
"Abbot town, Piscataquis County, Maine",714,713,704,695,687,678,669,663,654,647,652,653
"Beaver Cove town, Piscataquis County, Maine",122,122,123,123,123,123,124,125,125,127,129,130
"Blanchard UT, Piscataquis County, Maine",98,98,97,96,95,94,93,93,92,90,91,91
"Bowerbank town, Piscataquis County, Maine",116,117,119,120,122,124,126,128,129,131,134,136
"Brownville town, Piscataquis County, Maine","1,246","1,245","1,223","1,216","1,202","1,185","1,176","1,163","1,146","1,132","1,137","1,136"
"Dover-Foxcroft town, Piscataquis County, Maine","4,211","4,224","4,209","4,215","4,227","4,234","4,246","4,292","4,306","4,307","4,380","4,422"
"Greenville town, Piscataquis County, Maine","1,646","1,643","1,611","1,587","1,563","1,533","1,506","1,486","1,458","1,437","1,440","1,438"
"Guilford town, Piscataquis County, Maine","1,525","1,521","1,485","1,454","1,426","1,392","1,361","1,337","1,305","1,278","1,271","1,264"
"Kingsbury plantation, Piscataquis County, Maine",28,28,28,28,28,28,28,28,28,29,29,29
"Lake View plantation, Piscataquis County, Maine",89,91,96,103,108,114,120,126,132,138,145,151
"Medford town, Piscataquis County, Maine",254,254,249,246,243,240,238,235,232,229,229,231
"Milo town, Piscataquis County, Maine","2,340","2,342","2,320","2,304","2,290","2,271","2,257","2,253","2,237","2,219","2,239","2,250"
"Monson town, Piscataquis County, Maine",686,685,673,664,657,646,633,625,614,604,605,607
"Northeast Piscataquis UT, Piscataquis County, Maine",277,278,279,280,283,285,286,289,291,293,299,303
"Northwest Piscataquis UT, Piscataquis County, Maine",149,149,146,146,144,142,140,140,138,137,137,138
"Parkman town, Piscataquis County, Maine",841,841,825,813,803,789,777,767,756,746,746,746
"Sangerville town, Piscataquis County, Maine","1,341","1,343","1,328","1,321","1,314","1,304","1,298","1,296","1,289","1,285","1,298","1,308"
"Sebec town, Piscataquis County, Maine",630,632,631,633,635,635,637,641,643,647,658,666
"Shirley town, Piscataquis County, Maine",233,234,234,237,237,238,238,240,241,243,250,253
"Southeast Piscataquis UT, Piscataquis County, Maine",579,577,564,554,543,531,521,511,501,492,489,487
"Wellington town, Piscataquis County, Maine",260,259,254,250,246,241,236,234,229,225,226,226
"Willimantic town, Piscataquis County, Maine",150,150,147,145,144,142,139,139,137,135,136,135
"Arrowsic town, Sagadahoc County, Maine",427,428,433,438,440,443,449,454,461,469,475,478
"Bath city, Sagadahoc County, Maine","8,513","8,498","8,479","8,494","8,493","8,513","8,532","8,553","8,626","8,708","8,764","8,764"
"Bowdoin town, Sagadahoc County, Maine","3,053","3,052","3,059","3,064","3,044","3,052","3,055","3,064","3,094","3,133","3,142","3,137"
"Bowdoinham town, Sagadahoc County, Maine","2,889","2,884","2,879","2,879","2,867","2,883","2,895","2,908","2,949","2,996","3,037","3,052"
"Georgetown town, Sagadahoc County, Maine","1,042","1,040","1,031","1,027","1,022","1,026","1,028","1,031","1,039","1,049","1,056","1,057"
"Perkins UT, Sagadahoc County, Maine",0,0,0,0,0,0,0,0,0,0,0,0
"Phippsburg town, Sagadahoc County, Maine","2,216","2,212","2,200","2,193","2,181","2,173","2,165","2,160","2,161","2,166","2,165","2,154"
"Richmond town, Sagadahoc County, Maine","3,411","3,408","3,398","3,399","3,397","3,406","3,418","3,433","3,456","3,492","3,517","3,520"
"Topsham town, Sagadahoc County, Maine","8,785","8,782","8,801","8,856","8,899","8,984","9,062","9,147","9,269","9,415","9,524","9,561"
"West Bath town, Sagadahoc County, Maine","1,879","1,878","1,883","1,882","1,878","1,881","1,882","1,884","1,894","1,906","1,915","1,912"
"Woolwich town, Sagadahoc County, Maine","3,072","3,063","3,045","3,038","3,022","3,006","2,992","2,978","2,993","3,023","3,064","3,069"
"Anson town, Somerset County, Maine","2,512","2,507","2,479","2,459","2,439","2,405","2,363","2,334","2,307","2,303","2,300","2,290"
"Athens town, Somerset County, Maine","1,019","1,017","1,008","1,002","1,000",984,974,966,959,959,955,951
"Bingham town, Somerset County, Maine",913,912,906,901,899,889,879,874,869,871,870,867
"Brighton plantation, Somerset County, Maine",70,70,68,68,67,66,65,65,64,64,63,62
"Cambridge town, Somerset County, Maine",462,462,461,459,456,450,448,444,443,444,443,446
"Canaan town, Somerset County, Maine","2,275","2,274","2,261","2,253","2,249","2,226","2,204","2,196","2,188","2,196","2,198","2,194"
"Caratunk town, Somerset County, Maine",69,69,70,71,73,73,73,75,76,78,79,80
"Central Somerset UT, Somerset County, Maine",338,338,337,338,338,337,335,335,336,337,339,340
"Cornville town, Somerset County, Maine","1,306","1,305","1,295","1,287","1,291","1,289","1,283","1,285","1,292","1,305","1,316","1,314"
"Dennistown plantation, Somerset County, Maine",33,34,37,40,42,44,47,50,53,56,59,60
"Detroit town, Somerset County, Maine",853,853,853,859,858,855,852,854,857,868,875,880
"Embden town, Somerset County, Maine",935,935,933,933,928,918,906,901,893,896,903,903
"Fairfield town, Somerset County, Maine","6,740","6,739","6,703","6,687","6,680","6,617","6,555","6,525","6,496","6,509","6,507","6,492"
"Harmony town, Somerset County, Maine",939,936,924,914,904,887,870,858,848,844,836,828
"Hartland town, Somerset County, Maine","1,782","1,780","1,767","1,757","1,756","1,737","1,720","1,710","1,699","1,701","1,705","1,700"
"Highland plantation, Somerset County, Maine",73,73,70,68,67,64,62,60,58,57,55,54
"Jackman town, Somerset County, Maine",865,863,856,849,840,828,816,803,797,788,784,779
"Madison town, Somerset County, Maine","4,849","4,851","4,821","4,810","4,807","4,770","4,725","4,704","4,640","4,675","4,728","4,724"
"Mercer town, Somerset County, Maine",665,667,669,674,679,681,681,685,690,698,707,710
"Moose River town, Somerset County, Maine",215,215,210,208,206,202,198,195,193,190,190,187
"Moscow town, Somerset County, Maine",519,522,519,515,510,504,494,490,484,481,476,474
"New Portland town, Somerset County, Maine",721,723,725,730,735,736,735,739,744,753,760,764
"Norridgewock town, Somerset County, Maine","3,377","3,376","3,357","3,351","3,343","3,316","3,287","3,275","3,269","3,281","3,287","3,280"
"Northeast Somerset UT, Somerset County, Maine",390,390,387,385,382,379,374,371,369,369,369,367
"Northwest Somerset UT, Somerset County, Maine",62,61,59,56,54,52,49,47,45,43,41,39
"Palmyra town, Somerset County, Maine","1,985","1,985","1,976","1,968","1,963","1,942","1,917","1,913","1,908","1,916","1,929","1,925"
"Pittsfield town, Somerset County, Maine","4,215","4,212","4,176","4,161","4,123","4,067","3,990","3,961","3,935","3,935","3,928","3,909"
"Pleasant Ridge plantation, Somerset County, Maine",93,93,91,91,91,89,88,87,86,86,86,85
"Ripley town, Somerset County, Maine",488,488,487,488,491,486,482,478,476,478,481,484
"St. Albans town, Somerset County, Maine","2,009","2,010","2,002","2,002","2,001","1,991","1,986","1,993","1,999","2,012","2,034","2,047"
"Seboomook Lake UT, Somerset County, Maine",43,42,42,40,37,36,34,33,30,29,27,26
"Skowhegan town, Somerset County, Maine","8,585","8,590","8,572","8,583","8,592","8,547","8,498","8,497","8,509","8,569","8,613","8,618"
"Smithfield town, Somerset County, Maine","1,030","1,030","1,013","1,002",993,974,955,946,940,940,935,927
"Solon town, Somerset County, Maine","1,058","1,057","1,051","1,045","1,039","1,020","1,002",995,990,990,981,973
"Starks town, Somerset County, Maine",637,637,632,629,626,618,610,606,603,600,603,599
"The Forks plantation, Somerset County, Maine",37,37,39,40,41,42,43,45,45,47,49,49
"West Forks plantation, Somerset County, Maine",60,60,60,59,59,59,58,58,58,58,58,58
"Belfast city, Waldo County, Maine","6,672","6,676","6,691","6,722","6,734","6,753","6,757","6,864","6,902","6,897","6,920","6,940"
"Belmont town, Waldo County, Maine",942,943,945,951,953,954,956,965,973,971,974,978
"Brooks town, Waldo County, Maine","1,075","1,075","1,065","1,053","1,046","1,036","1,032","1,027","1,033","1,020","1,013","1,007"
"Burnham town, Waldo County, Maine","1,166","1,165","1,157","1,142","1,136","1,127","1,122","1,119","1,127","1,113","1,106","1,099"
"Frankfort town, Waldo County, Maine","1,124","1,127","1,134","1,139","1,149","1,156","1,169","1,182","1,208","1,213","1,224","1,230"
"Freedom town, Waldo County, Maine",721,722,723,723,725,717,721,723,719,711,706,711
"Islesboro town, Waldo County, Maine",566,567,568,573,574,573,572,579,579,577,577,579
"Jackson town, Waldo County, Maine",552,554,558,561,566,572,578,586,599,600,606,610
"Knox town, Waldo County, Maine",803,802,801,804,804,801,806,810,812,810,807,809
"Liberty town, Waldo County, Maine",913,915,914,913,914,914,917,922,935,931,933,935
"Lincolnville town, Waldo County, Maine","2,164","2,165","2,174","2,186","2,206","2,217","2,235","2,258","2,277","2,277","2,290","2,313"
"Monroe town, Waldo County, Maine",890,893,893,893,897,898,902,909,924,922,925,929
"Montville town, Waldo County, Maine","1,028","1,029","1,025","1,020","1,016","1,013","1,014","1,015","1,027","1,020","1,020","1,018"
"Morrill town, Waldo County, Maine",886,889,893,897,911,915,917,931,942,948,965,971
"Northport town, Waldo County, Maine","1,518","1,517","1,515","1,519","1,517","1,521","1,520","1,532","1,543","1,538","1,540","1,547"
"Palermo town, Waldo County, Maine","1,535","1,536","1,541","1,547","1,551","1,551","1,550","1,563","1,572","1,569","1,566","1,571"
"Prospect town, Waldo County, Maine",706,706,705,701,697,695,695,696,704,699,698,697
"Searsmont town, Waldo County, Maine","1,390","1,392","1,388","1,393","1,399","1,393","1,383","1,390","1,396","1,401","1,399","1,403"
"Searsport town, Waldo County, Maine","2,616","2,623","2,635","2,641","2,658","2,650","2,639","2,657","2,667","2,656","2,651","2,649"
"Stockton Springs town, Waldo County, Maine","1,594","1,590","1,579","1,565","1,562","1,554","1,546","1,552","1,553","1,542","1,535","1,537"
"Swanville town, Waldo County, Maine","1,383","1,381","1,379","1,379","1,378","1,373","1,366","1,376","1,383","1,377","1,373","1,378"
"Thorndike town, Waldo County, Maine",889,885,869,860,845,833,817,815,808,796,784,776
"Troy town, Waldo County, Maine","1,024","1,024","1,021","1,021","1,026","1,024","1,014","1,016","1,014","1,015","1,024","1,023"
"Unity town, Waldo County, Maine","2,105","2,107","2,120","2,138","2,152","2,161","2,223","2,237","2,270","2,248","2,265","2,282"
"Waldo town, Waldo County, Maine",770,771,778,787,791,794,797,804,805,797,793,794
"Winterport town, Waldo County, Maine","3,759","3,763","3,760","3,746","3,747","3,746","3,754","3,772","3,824","3,808","3,812","3,816"
"Addison town, Washington County, Maine","1,266","1,263","1,253","1,236","1,218","1,199","1,187","1,178","1,172","1,160","1,156","1,151"
"Alexander town, Washington County, Maine",501,502,505,504,507,508,509,509,511,514,519,524
"Baileyville town, Washington County, Maine","1,523","1,518","1,498","1,471","1,457","1,424","1,398","1,373","1,355","1,337","1,325","1,318"
"Baring plantation, Washington County, Maine",251,250,244,238,233,226,220,215,210,206,203,201
"Beals town, Washington County, Maine",508,505,498,494,483,477,467,458,453,447,445,444
"Beddington town, Washington County, Maine",50,50,52,52,54,54,55,57,58,59,61,62
"Calais city, Washington County, Maine","3,123","3,122","3,113","3,100","3,087","3,059","3,046","3,039","3,038","3,043","3,064","3,085"
"Charlotte town, Washington County, Maine",332,331,331,332,331,329,329,329,330,333,335,338
"Cherryfield town, Washington County, Maine","1,232","1,229","1,217","1,203","1,183","1,164","1,147","1,134","1,123","1,114","1,109","1,109"
"Codyville plantation, Washington County, Maine",24,24,23,22,20,19,18,17,17,16,15,14
"Columbia town, Washington County, Maine",491,489,482,476,467,457,451,444,439,435,433,432
"Columbia Falls town, Washington County, Maine",555,553,544,534,528,516,508,499,492,485,480,478
"Cooper town, Washington County, Maine",154,155,156,157,158,158,160,161,163,166,167,170
"Crawford town, Washington County, Maine",101,101,99,99,97,95,95,94,93,92,92,92
"Cutler town, Washington County, Maine",507,508,508,508,508,501,499,501,504,509,518,525
"Danforth town, Washington County, Maine",588,587,593,589,586,582,579,576,578,577,582,585
"Deblois town, Washington County, Maine",57,57,59,60,62,64,66,67,69,69,73,74
"Dennysville town, Washington County, Maine",342,340,340,338,332,325,317,312,309,306,303,302
"East Central Washington UT, Washington County, Maine",726,726,724,722,718,714,712,711,713,715,720,725
"East Machias town, Washington County, Maine","1,365","1,365","1,363","1,355","1,343","1,331","1,325","1,320","1,316","1,313","1,317","1,321"
"Eastport city, Washington County, Maine","1,331","1,329","1,322","1,317","1,305","1,292","1,287","1,277","1,273","1,274","1,278","1,285"
"Grand Lake Stream plantation, Washington County, Maine",109,110,111,112,115,116,118,119,121,124,126,129
"Harrington town, Washington County, Maine","1,004","1,004",998,991,983,972,964,965,961,957,959,962
"Jonesboro town, Washington County, Maine",583,584,587,582,583,574,569,573,572,574,579,583
"Jonesport town, Washington County, Maine","1,370","1,367","1,360","1,345","1,321","1,304","1,291","1,282","1,273","1,242","1,242","1,241"
"Lubec town, Washington County, Maine","1,359","1,356","1,346","1,331","1,300","1,282","1,270","1,242","1,235","1,230","1,231","1,232"
"Machias town, Washington County, Maine","2,217","2,219","2,229","2,233","2,193","2,189","2,200","2,194","2,187","2,013","2,040","2,061"
"Machiasport town, Washington County, Maine","1,119","1,119","1,117","1,113","1,106","1,095","1,090","1,085",949,953,961,967
"Marshfield town, Washington County, Maine",525,526,526,527,526,525,527,524,524,524,526,529
"Meddybemps town, Washington County, Maine",157,157,155,153,149,146,143,142,140,139,138,137
"Milbridge town, Washington County, Maine","1,353","1,352","1,358","1,363","1,357","1,348","1,346","1,342","1,321","1,350","1,362","1,371"
"Northfield town, Washington County, Maine",148,149,152,155,156,159,162,165,168,170,176,179
"North Washington UT, Washington County, Maine",499,499,500,499,497,495,496,496,497,500,504,508
"Passamaquoddy Indian Township Reservation, Washington County, Maine",718,719,721,723,723,725,727,729,734,741,752,759
"Passamaquoddy Pleasant Point Reservation, Washington County, Maine",749,747,739,734,724,713,704,697,695,691,689,690
"Pembroke town, Washington County, Maine",840,839,831,824,813,803,794,787,785,783,783,786
"Perry town, Washington County, Maine",889,888,890,885,882,893,871,853,837,821,809,802
"Princeton town, Washington County, Maine",832,830,819,809,795,782,771,763,755,750,748,747
"Robbinston town, Washington County, Maine",574,572,567,560,554,545,539,537,530,527,534,540
"Roque Bluffs town, Washington County, Maine",307,306,304,301,300,297,294,292,291,292,291,293
"Steuben town, Washington County, Maine","1,131","1,131","1,124","1,119","1,111","1,101","1,104","1,104","1,111","1,116","1,125","1,132"
"Talmadge town, Washington County, Maine",64,64,64,65,65,65,65,66,67,67,69,70
"Topsfield town, Washington County, Maine",237,236,229,222,216,209,202,196,192,186,183,180
"Vanceboro town, Washington County, Maine",140,139,136,132,128,123,120,117,114,110,108,106
"Waite town, Washington County, Maine",101,100,96,93,90,85,82,78,75,71,69,67
"Wesley town, Washington County, Maine",98,99,100,103,105,106,108,111,113,115,118,121
"Whiting town, Washington County, Maine",489,488,488,488,485,483,480,477,477,476,477,480
"Whitneyville town, Washington County, Maine",216,216,213,213,211,208,206,204,202,201,201,201
"Acton town, York County, Maine","2,445","2,452","2,486","2,506","2,525","2,556","2,575","2,593","2,617","2,638","2,659","2,669"
"Alfred town, York County, Maine","3,020","3,021","3,037","3,038","3,039","3,053","3,041","3,058","3,050","3,060","3,075","3,073"
"Arundel town, York County, Maine","4,026","4,029","4,054","4,064","4,078","4,109","4,082","4,107","4,136","4,184","4,238","4,266"
"Berwick town, York County, Maine","7,242","7,254","7,348","7,451","7,459","7,497","7,524","7,585","7,665","7,776","7,876","7,952"
"Biddeford city, York County, Maine","21,276","21,296","21,448","21,551","21,690","21,864","21,971","22,115","22,245","22,374","22,495","22,551"
"Buxton town, York County, Maine","8,032","8,034","8,066","8,079","8,084","8,140","8,156","8,209","8,269","8,312","8,360","8,380"
"Cornish town, York County, Maine","1,405","1,408","1,421","1,431","1,439","1,448","1,451","1,458","1,466","1,474","1,484","1,508"
"Dayton town, York County, Maine","1,959","1,964","1,998","2,012","2,019","2,034","2,035","2,048","2,072","2,094","2,116","2,132"
"Eliot town, York County, Maine","6,222","6,211","6,201","6,175","6,144","6,160","6,161","6,221","6,346","6,460","6,605","6,722"
"Hollis town, York County, Maine","4,285","4,284","4,307","4,320","4,341","4,392","4,436","4,486","4,580","4,663","4,715","4,745"
"Kennebunk town, York County, Maine","10,793","10,809","10,859","10,915","11,001","11,109","11,135","11,256","11,340","11,363","11,512","11,537"
"Kennebunkport town, York County, Maine","3,474","3,473","3,490","3,491","3,512","3,526","3,538","3,549","3,580","3,599","3,615","3,625"
"Kittery town, York County, Maine","9,494","9,503","9,559","9,641","9,672","9,775","9,766","9,779","9,941","9,945","10,038","10,071"
"Lebanon town, York County, Maine","6,031","6,040","6,074","6,125","6,110","6,160","6,170","6,233","6,306","6,367","6,434","6,469"
"Limerick town, York County, Maine","2,892","2,895","2,929","2,941","2,950","2,975","2,985","3,005","3,056","3,101","3,153","3,188"
"Limington town, York County, Maine","3,714","3,714","3,729","3,729","3,734","3,750","3,738","3,749","3,787","3,809","3,872","3,893"
"Lyman town, York County, Maine","4,354","4,356","4,368","4,370","4,366","4,382","4,376","4,406","4,439","4,475","4,513","4,518"
"Newfield town, York County, Maine","1,522","1,526","1,540","1,556","1,571","1,586","1,598","1,610","1,620","1,628","1,644","1,650"
"North Berwick town, York County, Maine","4,577","4,585","4,632","4,662","4,687","4,745","4,777","4,815","4,863","4,911","4,955","4,979"
"Ogunquit town, York County, Maine",898,914,985,"1,052","1,120","1,191","1,254","1,320","1,388","1,455","1,522","1,574"
"Old Orchard Beach town, York County, Maine","8,613","8,607","8,624","8,620","8,631","8,690","8,701","8,730","8,794","8,821","8,926","8,964"
"Parsonsfield town, York County, Maine","1,895","1,889","1,874","1,858","1,845","1,841","1,827","1,821","1,821","1,808","1,795","1,789"
"Saco city, York County, Maine","18,495","18,517","18,679","18,832","18,989","19,178","19,237","19,446","19,768","19,913","20,241","20,380"
"Sanford city, York County, Maine","20,788","20,803","20,938","21,039","21,077","21,231","21,309","21,465","21,609","21,754","21,937","21,978"
"Shapleigh town, York County, Maine","2,667","2,671","2,691","2,706","2,718","2,746","2,774","2,800","2,835","2,862","2,896","2,916"
"South Berwick town, York County, Maine","7,218","7,215","7,239","7,221","7,228","7,251","7,336","7,336","7,372","7,415","7,459","7,471"
"Waterboro town, York County, Maine","7,690","7,690","7,709","7,707","7,697","7,716","7,709","7,749","7,796","7,848","7,910","7,938"
"Wells town, York County, Maine","9,595","9,605","9,754","9,863","10,033","10,232","10,352","10,547","10,752","11,000","11,190","11,319"
"York town, York County, Maine","12,507","12,529","12,634","12,706","12,806","12,979","13,050","13,227","13,313","13,538","13,665","13,722"
"2010-2020 Intercensal Estimates data products are associated with Data Management System projects P-6000042, P-7501659, and P-7527355. The U.S. Census Bureau reviewed these data products for unauthorized disclosure of confidential information and approved the disclosure avoidance practices applied to this release (CBDRB-FY24-0481).   ",,,,,,,,,,,,
"The April 1, 2010 population estimates base reflects changes to the 2010 Census population from the Count Question Resolution program, legal boundary updates, and other geographic program revisions. The data source for April 1, 2020 is the 2020 Census count featuring the application of disclosure avoidance to protect confidentiality. For population estimates methodology statements, see https://www.census.gov/programs-surveys/popest/technical-documentation/methodology.html. All geographic boundaries for the 2010-2020 Intercensal Estimates series are as of 2020. For updates on Legal Boundary Change/Annexation Data, see https://www.census.gov/geographies/reference-files/time-series/geo/bas/annex.html. Additional information on these localities can be found in the Geographic Boundary Change Notes (see https://www.census.gov/programs-surveys/geography/technical-documentation/boundary-change-notes.html). ",,,,,,,,,,,,
Suggested Citation:,,,,,,,,,,,,
"Intercensal Estimates of the Resident Population for Minor Civil Divisions in Maine: April 1, 2010 to April 1, 2020 (SUB-MCD-EST2020INT-POP-23)",,,,,,,,,,,,
"Source: U.S. Census Bureau, Population Division",,,,,,,,,,,,
Release Date: November 2024,,,,,,,,,,,,
